,zipcode,time,Timestamp_x,Timestamp_y,rate
0,00083,2013-10-05 05:00:00,54,22.0,0.7105263157894737
1,00083,2013-10-05 06:00:00,39,3.0,0.9285714285714286
2,00083,2013-10-05 07:00:00,22,1.0,0.9565217391304348
3,00083,2013-10-05 08:00:00,19,3.0,0.8636363636363636
4,00083,2013-10-05 09:00:00,16,0.0,1.0
5,00083,2013-10-05 10:00:00,14,1.0,0.9333333333333333
6,00083,2013-10-05 11:00:00,60,21.0,0.7407407407407407
7,00083,2013-10-05 12:00:00,66,71.0,0.48175182481751827
8,00083,2013-10-05 13:00:00,107,134.0,0.44398340248962653
9,00083,2013-10-05 14:00:00,115,128.0,0.4732510288065844
10,00083,2013-10-05 15:00:00,82,111.0,0.42487046632124353
11,00083,2013-10-05 16:00:00,78,82.0,0.4875
12,00083,2013-10-05 17:00:00,66,92.0,0.4177215189873418
13,00083,2013-10-05 18:00:00,91,77.0,0.5416666666666666
14,00083,2013-10-05 19:00:00,72,86.0,0.45569620253164556
15,00083,2013-10-05 20:00:00,68,85.0,0.4444444444444444
16,00083,2013-10-05 21:00:00,59,49.0,0.5462962962962963
17,00083,2013-10-05 22:00:00,84,112.0,0.42857142857142855
18,00083,2013-10-05 23:00:00,69,144.0,0.323943661971831
19,00083,2013-10-06 00:00:00,69,157.0,0.3053097345132743
20,00083,2013-10-06 01:00:00,47,179.0,0.2079646017699115
21,00083,2013-10-06 02:00:00,61,135.0,0.3112244897959184
22,00083,2013-10-06 03:00:00,59,104.0,0.3619631901840491
23,00083,2013-10-06 04:00:00,44,89.0,0.3308270676691729
24,10001,2013-10-05 05:00:00,179,71.0,0.716
25,10001,2013-10-05 06:00:00,161,5.0,0.9698795180722891
26,10001,2013-10-05 07:00:00,73,7.0,0.9125
27,10001,2013-10-05 08:00:00,64,0.0,1.0
28,10001,2013-10-05 09:00:00,39,0.0,1.0
29,10001,2013-10-05 10:00:00,34,4.0,0.8947368421052632
30,10001,2013-10-05 11:00:00,93,56.0,0.6241610738255033
31,10001,2013-10-05 12:00:00,160,110.0,0.5925925925925926
32,10001,2013-10-05 13:00:00,180,202.0,0.4712041884816754
33,10001,2013-10-05 14:00:00,194,271.0,0.4172043010752688
34,10001,2013-10-05 15:00:00,243,212.0,0.5340659340659341
35,10001,2013-10-05 16:00:00,251,219.0,0.5340425531914894
36,10001,2013-10-05 17:00:00,210,264.0,0.4430379746835443
37,10001,2013-10-05 18:00:00,243,254.0,0.48893360160965793
38,10001,2013-10-05 19:00:00,237,292.0,0.44801512287334594
39,10001,2013-10-05 20:00:00,261,222.0,0.5403726708074534
40,10001,2013-10-05 21:00:00,262,132.0,0.6649746192893401
41,10001,2013-10-05 22:00:00,227,267.0,0.45951417004048584
42,10001,2013-10-05 23:00:00,195,470.0,0.2932330827067669
43,10001,2013-10-06 00:00:00,191,458.0,0.2942989214175655
44,10001,2013-10-06 01:00:00,159,431.0,0.26949152542372884
45,10001,2013-10-06 02:00:00,174,409.0,0.29845626072041165
46,10001,2013-10-06 03:00:00,152,413.0,0.26902654867256637
47,10001,2013-10-06 04:00:00,116,343.0,0.25272331154684097
48,10002,2013-10-05 05:00:00,476,161.0,0.7472527472527473
49,10002,2013-10-05 06:00:00,322,34.0,0.9044943820224719
50,10002,2013-10-05 07:00:00,228,17.0,0.9306122448979591
51,10002,2013-10-05 08:00:00,124,9.0,0.9323308270676691
52,10002,2013-10-05 09:00:00,95,6.0,0.9405940594059405
53,10002,2013-10-05 10:00:00,131,13.0,0.9097222222222222
54,10002,2013-10-05 11:00:00,282,185.0,0.6038543897216274
55,10002,2013-10-05 12:00:00,399,418.0,0.4883720930232558
56,10002,2013-10-05 13:00:00,531,659.0,0.446218487394958
57,10002,2013-10-05 14:00:00,584,752.0,0.437125748502994
58,10002,2013-10-05 15:00:00,589,652.0,0.47461724415793716
59,10002,2013-10-05 16:00:00,560,556.0,0.5017921146953405
60,10002,2013-10-05 17:00:00,596,625.0,0.4881244881244881
61,10002,2013-10-05 18:00:00,632,579.0,0.5218827415359207
62,10002,2013-10-05 19:00:00,573,615.0,0.4823232323232323
63,10002,2013-10-05 20:00:00,590,475.0,0.5539906103286385
64,10002,2013-10-05 21:00:00,634,317.0,0.6666666666666666
65,10002,2013-10-05 22:00:00,640,603.0,0.5148833467417538
66,10002,2013-10-05 23:00:00,611,929.0,0.39675324675324675
67,10002,2013-10-06 00:00:00,579,1072.0,0.35069654754694124
68,10002,2013-10-06 01:00:00,521,1029.0,0.3361290322580645
69,10002,2013-10-06 02:00:00,470,927.0,0.3364352183249821
70,10002,2013-10-06 03:00:00,444,965.0,0.31511710432931156
71,10002,2013-10-06 04:00:00,379,703.0,0.35027726432532347
72,10003,2013-10-05 05:00:00,238,96.0,0.7125748502994012
73,10003,2013-10-05 06:00:00,180,32.0,0.8490566037735849
74,10003,2013-10-05 07:00:00,88,9.0,0.9072164948453608
75,10003,2013-10-05 08:00:00,82,13.0,0.8631578947368421
76,10003,2013-10-05 09:00:00,34,4.0,0.8947368421052632
77,10003,2013-10-05 10:00:00,54,8.0,0.8709677419354839
78,10003,2013-10-05 11:00:00,124,99.0,0.5560538116591929
79,10003,2013-10-05 12:00:00,176,198.0,0.47058823529411764
80,10003,2013-10-05 13:00:00,190,379.0,0.3339191564147627
81,10003,2013-10-05 14:00:00,204,331.0,0.3813084112149533
82,10003,2013-10-05 15:00:00,244,295.0,0.45269016697588127
83,10003,2013-10-05 16:00:00,300,265.0,0.5309734513274337
84,10003,2013-10-05 17:00:00,273,304.0,0.4731369150779896
85,10003,2013-10-05 18:00:00,257,261.0,0.49613899613899615
86,10003,2013-10-05 19:00:00,243,260.0,0.4831013916500994
87,10003,2013-10-05 20:00:00,276,222.0,0.5542168674698795
88,10003,2013-10-05 21:00:00,256,124.0,0.6736842105263158
89,10003,2013-10-05 22:00:00,262,266.0,0.4962121212121212
90,10003,2013-10-05 23:00:00,271,400.0,0.4038748137108793
91,10003,2013-10-06 00:00:00,251,463.0,0.35154061624649857
92,10003,2013-10-06 01:00:00,255,388.0,0.3965785381026439
93,10003,2013-10-06 02:00:00,233,330.0,0.413854351687389
94,10003,2013-10-06 03:00:00,199,364.0,0.35346358792184723
95,10003,2013-10-06 04:00:00,202,348.0,0.36727272727272725
96,10004,2013-10-05 05:00:00,12,1.0,0.9230769230769231
97,10004,2013-10-05 06:00:00,6,0.0,1.0
98,10004,2013-10-05 07:00:00,7,1.0,0.875
99,10004,2013-10-05 08:00:00,3,0.0,1.0
100,10004,2013-10-05 09:00:00,1,1.0,0.5
101,10004,2013-10-05 10:00:00,7,1.0,0.875
102,10004,2013-10-05 11:00:00,16,14.0,0.5333333333333333
103,10004,2013-10-05 12:00:00,11,42.0,0.20754716981132076
104,10004,2013-10-05 13:00:00,28,45.0,0.3835616438356164
105,10004,2013-10-05 14:00:00,16,53.0,0.2318840579710145
106,10004,2013-10-05 15:00:00,36,37.0,0.4931506849315068
107,10004,2013-10-05 16:00:00,20,27.0,0.425531914893617
108,10004,2013-10-05 17:00:00,22,40.0,0.3548387096774194
109,10004,2013-10-05 18:00:00,26,51.0,0.33766233766233766
110,10004,2013-10-05 19:00:00,25,33.0,0.43103448275862066
111,10004,2013-10-05 20:00:00,20,12.0,0.625
112,10004,2013-10-05 21:00:00,14,20.0,0.4117647058823529
113,10004,2013-10-05 22:00:00,20,16.0,0.5555555555555556
114,10004,2013-10-05 23:00:00,25,35.0,0.4166666666666667
115,10004,2013-10-06 00:00:00,26,32.0,0.4482758620689655
116,10004,2013-10-06 01:00:00,33,33.0,0.5
117,10004,2013-10-06 02:00:00,25,26.0,0.49019607843137253
118,10004,2013-10-06 03:00:00,23,23.0,0.5
119,10004,2013-10-06 04:00:00,16,17.0,0.48484848484848486
120,10005,2013-10-05 05:00:00,42,8.0,0.84
121,10005,2013-10-05 06:00:00,25,1.0,0.9615384615384616
122,10005,2013-10-05 07:00:00,15,1.0,0.9375
123,10005,2013-10-05 08:00:00,13,0.0,1.0
124,10005,2013-10-05 09:00:00,6,0.0,1.0
125,10005,2013-10-05 10:00:00,17,0.0,1.0
126,10005,2013-10-05 11:00:00,28,15.0,0.6511627906976745
127,10005,2013-10-05 12:00:00,24,47.0,0.3380281690140845
128,10005,2013-10-05 13:00:00,31,48.0,0.3924050632911392
129,10005,2013-10-05 14:00:00,35,48.0,0.42168674698795183
130,10005,2013-10-05 15:00:00,38,48.0,0.4418604651162791
131,10005,2013-10-05 16:00:00,42,59.0,0.4158415841584158
132,10005,2013-10-05 17:00:00,62,55.0,0.5299145299145299
133,10005,2013-10-05 18:00:00,58,73.0,0.44274809160305345
134,10005,2013-10-05 19:00:00,65,55.0,0.5416666666666666
135,10005,2013-10-05 20:00:00,50,34.0,0.5952380952380952
136,10005,2013-10-05 21:00:00,72,23.0,0.7578947368421053
137,10005,2013-10-05 22:00:00,58,60.0,0.4915254237288136
138,10005,2013-10-05 23:00:00,57,96.0,0.37254901960784315
139,10005,2013-10-06 00:00:00,70,113.0,0.3825136612021858
140,10005,2013-10-06 01:00:00,57,90.0,0.3877551020408163
141,10005,2013-10-06 02:00:00,52,73.0,0.416
142,10005,2013-10-06 03:00:00,49,47.0,0.5104166666666666
143,10005,2013-10-06 04:00:00,45,52.0,0.4639175257731959
144,10006,2013-10-05 05:00:00,16,6.0,0.7272727272727273
145,10006,2013-10-05 06:00:00,14,0.0,1.0
146,10006,2013-10-05 07:00:00,8,0.0,1.0
147,10006,2013-10-05 08:00:00,5,0.0,1.0
148,10006,2013-10-05 09:00:00,6,0.0,1.0
149,10006,2013-10-05 10:00:00,10,1.0,0.9090909090909091
150,10006,2013-10-05 11:00:00,8,4.0,0.6666666666666666
151,10006,2013-10-05 12:00:00,23,4.0,0.8518518518518519
152,10006,2013-10-05 13:00:00,26,18.0,0.5909090909090909
153,10006,2013-10-05 14:00:00,24,22.0,0.5217391304347826
154,10006,2013-10-05 15:00:00,22,25.0,0.46808510638297873
155,10006,2013-10-05 16:00:00,20,17.0,0.5405405405405406
156,10006,2013-10-05 17:00:00,22,30.0,0.4230769230769231
157,10006,2013-10-05 18:00:00,24,17.0,0.5853658536585366
158,10006,2013-10-05 19:00:00,24,26.0,0.48
159,10006,2013-10-05 20:00:00,28,20.0,0.5833333333333334
160,10006,2013-10-05 21:00:00,24,10.0,0.7058823529411765
161,10006,2013-10-05 22:00:00,18,19.0,0.4864864864864865
162,10006,2013-10-05 23:00:00,22,37.0,0.3728813559322034
163,10006,2013-10-06 00:00:00,20,53.0,0.273972602739726
164,10006,2013-10-06 01:00:00,27,42.0,0.391304347826087
165,10006,2013-10-06 02:00:00,32,60.0,0.34782608695652173
166,10006,2013-10-06 03:00:00,23,56.0,0.2911392405063291
167,10006,2013-10-06 04:00:00,20,38.0,0.3448275862068966
168,10007,2013-10-05 05:00:00,75,57.0,0.5681818181818182
169,10007,2013-10-05 06:00:00,43,3.0,0.9347826086956522
170,10007,2013-10-05 07:00:00,29,1.0,0.9666666666666667
171,10007,2013-10-05 08:00:00,13,0.0,1.0
172,10007,2013-10-05 09:00:00,11,0.0,1.0
173,10007,2013-10-05 10:00:00,39,0.0,1.0
174,10007,2013-10-05 11:00:00,93,90.0,0.5081967213114754
175,10007,2013-10-05 12:00:00,90,144.0,0.38461538461538464
176,10007,2013-10-05 13:00:00,89,174.0,0.33840304182509506
177,10007,2013-10-05 14:00:00,96,185.0,0.3416370106761566
178,10007,2013-10-05 15:00:00,136,149.0,0.47719298245614034
179,10007,2013-10-05 16:00:00,108,113.0,0.48868778280542985
180,10007,2013-10-05 17:00:00,91,119.0,0.43333333333333335
181,10007,2013-10-05 18:00:00,100,133.0,0.4291845493562232
182,10007,2013-10-05 19:00:00,85,121.0,0.41262135922330095
183,10007,2013-10-05 20:00:00,97,110.0,0.46859903381642515
184,10007,2013-10-05 21:00:00,108,52.0,0.675
185,10007,2013-10-05 22:00:00,102,93.0,0.5230769230769231
186,10007,2013-10-05 23:00:00,92,179.0,0.33948339483394835
187,10007,2013-10-06 00:00:00,74,226.0,0.24666666666666667
188,10007,2013-10-06 01:00:00,79,213.0,0.2705479452054795
189,10007,2013-10-06 02:00:00,74,217.0,0.2542955326460481
190,10007,2013-10-06 03:00:00,46,217.0,0.17490494296577946
191,10007,2013-10-06 04:00:00,55,213.0,0.20522388059701493
192,10009,2013-10-05 05:00:00,194,101.0,0.6576271186440678
193,10009,2013-10-05 06:00:00,193,21.0,0.9018691588785047
194,10009,2013-10-05 07:00:00,136,5.0,0.9645390070921985
195,10009,2013-10-05 08:00:00,92,12.0,0.8846153846153846
196,10009,2013-10-05 09:00:00,58,8.0,0.8787878787878788
197,10009,2013-10-05 10:00:00,67,6.0,0.9178082191780822
198,10009,2013-10-05 11:00:00,168,81.0,0.6746987951807228
199,10009,2013-10-05 12:00:00,280,208.0,0.5737704918032787
200,10009,2013-10-05 13:00:00,414,397.0,0.5104808877928483
201,10009,2013-10-05 14:00:00,361,455.0,0.4424019607843137
202,10009,2013-10-05 15:00:00,331,349.0,0.48676470588235293
203,10009,2013-10-05 16:00:00,336,307.0,0.5225505443234837
204,10009,2013-10-05 17:00:00,334,360.0,0.4812680115273775
205,10009,2013-10-05 18:00:00,276,335.0,0.45171849427168576
206,10009,2013-10-05 19:00:00,284,356.0,0.44375
207,10009,2013-10-05 20:00:00,323,301.0,0.5176282051282052
208,10009,2013-10-05 21:00:00,249,183.0,0.5763888888888888
209,10009,2013-10-05 22:00:00,278,359.0,0.4364207221350079
210,10009,2013-10-05 23:00:00,231,622.0,0.2708089097303634
211,10009,2013-10-06 00:00:00,260,705.0,0.2694300518134715
212,10009,2013-10-06 01:00:00,244,645.0,0.2744656917885264
213,10009,2013-10-06 02:00:00,202,569.0,0.2619974059662776
214,10009,2013-10-06 03:00:00,203,577.0,0.2602564102564103
215,10009,2013-10-06 04:00:00,181,472.0,0.2771822358346095
216,10010,2013-10-05 05:00:00,126,51.0,0.711864406779661
217,10010,2013-10-05 06:00:00,95,4.0,0.9595959595959596
218,10010,2013-10-05 07:00:00,52,1.0,0.9811320754716981
219,10010,2013-10-05 08:00:00,47,2.0,0.9591836734693877
220,10010,2013-10-05 09:00:00,36,0.0,1.0
221,10010,2013-10-05 10:00:00,51,4.0,0.9272727272727272
222,10010,2013-10-05 11:00:00,98,57.0,0.632258064516129
223,10010,2013-10-05 12:00:00,163,150.0,0.5207667731629393
224,10010,2013-10-05 13:00:00,162,173.0,0.4835820895522388
225,10010,2013-10-05 14:00:00,199,250.0,0.44320712694877507
226,10010,2013-10-05 15:00:00,198,199.0,0.4987405541561713
227,10010,2013-10-05 16:00:00,185,174.0,0.5153203342618384
228,10010,2013-10-05 17:00:00,203,202.0,0.5012345679012346
229,10010,2013-10-05 18:00:00,214,197.0,0.5206812652068127
230,10010,2013-10-05 19:00:00,191,185.0,0.5079787234042553
231,10010,2013-10-05 20:00:00,235,188.0,0.5555555555555556
232,10010,2013-10-05 21:00:00,221,98.0,0.6927899686520376
233,10010,2013-10-05 22:00:00,191,195.0,0.4948186528497409
234,10010,2013-10-05 23:00:00,182,324.0,0.35968379446640314
235,10010,2013-10-06 00:00:00,171,400.0,0.29947460595446584
236,10010,2013-10-06 01:00:00,170,412.0,0.2920962199312715
237,10010,2013-10-06 02:00:00,126,300.0,0.29577464788732394
238,10010,2013-10-06 03:00:00,116,323.0,0.2642369020501139
239,10010,2013-10-06 04:00:00,133,257.0,0.34102564102564104
240,10011,2013-10-05 05:00:00,189,83.0,0.6948529411764706
241,10011,2013-10-05 06:00:00,127,14.0,0.900709219858156
242,10011,2013-10-05 07:00:00,72,3.0,0.96
243,10011,2013-10-05 08:00:00,54,3.0,0.9473684210526315
244,10011,2013-10-05 09:00:00,45,2.0,0.9574468085106383
245,10011,2013-10-05 10:00:00,47,7.0,0.8703703703703703
246,10011,2013-10-05 11:00:00,130,46.0,0.7386363636363636
247,10011,2013-10-05 12:00:00,158,156.0,0.5031847133757962
248,10011,2013-10-05 13:00:00,196,260.0,0.4298245614035088
249,10011,2013-10-05 14:00:00,220,311.0,0.4143126177024482
250,10011,2013-10-05 15:00:00,233,273.0,0.46047430830039526
251,10011,2013-10-05 16:00:00,215,190.0,0.5308641975308642
252,10011,2013-10-05 17:00:00,257,248.0,0.5089108910891089
253,10011,2013-10-05 18:00:00,243,247.0,0.4959183673469388
254,10011,2013-10-05 19:00:00,242,306.0,0.4416058394160584
255,10011,2013-10-05 20:00:00,259,236.0,0.5232323232323233
256,10011,2013-10-05 21:00:00,272,117.0,0.699228791773779
257,10011,2013-10-05 22:00:00,197,232.0,0.4592074592074592
258,10011,2013-10-05 23:00:00,198,401.0,0.330550918196995
259,10011,2013-10-06 00:00:00,203,463.0,0.3048048048048048
260,10011,2013-10-06 01:00:00,151,411.0,0.26868327402135234
261,10011,2013-10-06 02:00:00,162,409.0,0.28371278458844135
262,10011,2013-10-06 03:00:00,182,393.0,0.3165217391304348
263,10011,2013-10-06 04:00:00,143,309.0,0.3163716814159292
264,10012,2013-10-05 05:00:00,149,103.0,0.5912698412698413
265,10012,2013-10-05 06:00:00,139,22.0,0.8633540372670807
266,10012,2013-10-05 07:00:00,95,10.0,0.9047619047619048
267,10012,2013-10-05 08:00:00,93,9.0,0.9117647058823529
268,10012,2013-10-05 09:00:00,56,4.0,0.9333333333333333
269,10012,2013-10-05 10:00:00,25,2.0,0.9259259259259259
270,10012,2013-10-05 11:00:00,88,47.0,0.6518518518518519
271,10012,2013-10-05 12:00:00,149,118.0,0.5580524344569289
272,10012,2013-10-05 13:00:00,159,272.0,0.3689095127610209
273,10012,2013-10-05 14:00:00,152,277.0,0.3543123543123543
274,10012,2013-10-05 15:00:00,160,195.0,0.4507042253521127
275,10012,2013-10-05 16:00:00,163,158.0,0.5077881619937694
276,10012,2013-10-05 17:00:00,147,197.0,0.4273255813953488
277,10012,2013-10-05 18:00:00,163,185.0,0.46839080459770116
278,10012,2013-10-05 19:00:00,139,183.0,0.43167701863354035
279,10012,2013-10-05 20:00:00,164,181.0,0.4753623188405797
280,10012,2013-10-05 21:00:00,172,81.0,0.6798418972332015
281,10012,2013-10-05 22:00:00,151,167.0,0.4748427672955975
282,10012,2013-10-05 23:00:00,147,255.0,0.3656716417910448
283,10012,2013-10-06 00:00:00,164,318.0,0.34024896265560167
284,10012,2013-10-06 01:00:00,151,297.0,0.33705357142857145
285,10012,2013-10-06 02:00:00,134,283.0,0.3213429256594724
286,10012,2013-10-06 03:00:00,139,303.0,0.31447963800904977
287,10012,2013-10-06 04:00:00,147,272.0,0.35083532219570407
288,10013,2013-10-05 05:00:00,371,193.0,0.6578014184397163
289,10013,2013-10-05 06:00:00,250,61.0,0.8038585209003215
290,10013,2013-10-05 07:00:00,166,26.0,0.8645833333333334
291,10013,2013-10-05 08:00:00,82,24.0,0.7735849056603774
292,10013,2013-10-05 09:00:00,78,2.0,0.975
293,10013,2013-10-05 10:00:00,106,3.0,0.9724770642201835
294,10013,2013-10-05 11:00:00,216,142.0,0.6033519553072626
295,10013,2013-10-05 12:00:00,327,351.0,0.4823008849557522
296,10013,2013-10-05 13:00:00,326,609.0,0.34866310160427805
297,10013,2013-10-05 14:00:00,378,641.0,0.37095191364082436
298,10013,2013-10-05 15:00:00,370,519.0,0.4161979752530934
299,10013,2013-10-05 16:00:00,431,418.0,0.5076560659599529
300,10013,2013-10-05 17:00:00,360,400.0,0.47368421052631576
301,10013,2013-10-05 18:00:00,402,462.0,0.4652777777777778
302,10013,2013-10-05 19:00:00,365,445.0,0.4506172839506173
303,10013,2013-10-05 20:00:00,347,396.0,0.4670255720053836
304,10013,2013-10-05 21:00:00,370,243.0,0.6035889070146819
305,10013,2013-10-05 22:00:00,395,465.0,0.45930232558139533
306,10013,2013-10-05 23:00:00,362,693.0,0.34312796208530805
307,10013,2013-10-06 00:00:00,359,781.0,0.31491228070175437
308,10013,2013-10-06 01:00:00,325,692.0,0.319567354965585
309,10013,2013-10-06 02:00:00,332,670.0,0.3313373253493014
310,10013,2013-10-06 03:00:00,286,688.0,0.2936344969199179
311,10013,2013-10-06 04:00:00,292,598.0,0.32808988764044944
312,10014,2013-10-05 05:00:00,249,96.0,0.7217391304347827
313,10014,2013-10-05 06:00:00,194,23.0,0.8940092165898618
314,10014,2013-10-05 07:00:00,123,26.0,0.825503355704698
315,10014,2013-10-05 08:00:00,110,12.0,0.9016393442622951
316,10014,2013-10-05 09:00:00,92,9.0,0.9108910891089109
317,10014,2013-10-05 10:00:00,76,16.0,0.8260869565217391
318,10014,2013-10-05 11:00:00,166,108.0,0.6058394160583942
319,10014,2013-10-05 12:00:00,241,270.0,0.47162426614481406
320,10014,2013-10-05 13:00:00,294,410.0,0.41761363636363635
321,10014,2013-10-05 14:00:00,371,462.0,0.44537815126050423
322,10014,2013-10-05 15:00:00,388,370.0,0.5118733509234829
323,10014,2013-10-05 16:00:00,412,287.0,0.5894134477825465
324,10014,2013-10-05 17:00:00,398,362.0,0.5236842105263158
325,10014,2013-10-05 18:00:00,407,362.0,0.52925877763329
326,10014,2013-10-05 19:00:00,366,397.0,0.4796854521625164
327,10014,2013-10-05 20:00:00,340,311.0,0.522273425499232
328,10014,2013-10-05 21:00:00,324,216.0,0.6
329,10014,2013-10-05 22:00:00,382,363.0,0.512751677852349
330,10014,2013-10-05 23:00:00,348,667.0,0.34285714285714286
331,10014,2013-10-06 00:00:00,320,655.0,0.3282051282051282
332,10014,2013-10-06 01:00:00,309,571.0,0.35113636363636364
333,10014,2013-10-06 02:00:00,285,548.0,0.34213685474189676
334,10014,2013-10-06 03:00:00,263,491.0,0.34880636604774534
335,10014,2013-10-06 04:00:00,283,416.0,0.40486409155937053
336,10016,2013-10-05 05:00:00,232,74.0,0.7581699346405228
337,10016,2013-10-05 06:00:00,144,19.0,0.8834355828220859
338,10016,2013-10-05 07:00:00,95,4.0,0.9595959595959596
339,10016,2013-10-05 08:00:00,75,7.0,0.9146341463414634
340,10016,2013-10-05 09:00:00,56,1.0,0.9824561403508771
341,10016,2013-10-05 10:00:00,104,4.0,0.9629629629629629
342,10016,2013-10-05 11:00:00,210,125.0,0.6268656716417911
343,10016,2013-10-05 12:00:00,278,303.0,0.4784853700516351
344,10016,2013-10-05 13:00:00,341,500.0,0.4054696789536266
345,10016,2013-10-05 14:00:00,327,488.0,0.4012269938650307
346,10016,2013-10-05 15:00:00,355,368.0,0.49100968188105115
347,10016,2013-10-05 16:00:00,314,311.0,0.5024
348,10016,2013-10-05 17:00:00,311,343.0,0.47553516819571867
349,10016,2013-10-05 18:00:00,360,367.0,0.4951856946354883
350,10016,2013-10-05 19:00:00,333,333.0,0.5
351,10016,2013-10-05 20:00:00,316,236.0,0.572463768115942
352,10016,2013-10-05 21:00:00,346,136.0,0.7178423236514523
353,10016,2013-10-05 22:00:00,299,298.0,0.5008375209380235
354,10016,2013-10-05 23:00:00,301,510.0,0.3711467324290999
355,10016,2013-10-06 00:00:00,253,538.0,0.3198482932996207
356,10016,2013-10-06 01:00:00,270,472.0,0.3638814016172507
357,10016,2013-10-06 02:00:00,222,464.0,0.3236151603498542
358,10016,2013-10-06 03:00:00,219,455.0,0.3249258160237389
359,10016,2013-10-06 04:00:00,217,379.0,0.3640939597315436
360,10017,2013-10-05 05:00:00,128,52.0,0.7111111111111111
361,10017,2013-10-05 06:00:00,117,29.0,0.8013698630136986
362,10017,2013-10-05 07:00:00,92,20.0,0.8214285714285714
363,10017,2013-10-05 08:00:00,28,5.0,0.8484848484848485
364,10017,2013-10-05 09:00:00,27,1.0,0.9642857142857143
365,10017,2013-10-05 10:00:00,30,2.0,0.9375
366,10017,2013-10-05 11:00:00,65,54.0,0.5462184873949579
367,10017,2013-10-05 12:00:00,93,126.0,0.4246575342465753
368,10017,2013-10-05 13:00:00,96,218.0,0.3057324840764331
369,10017,2013-10-05 14:00:00,84,206.0,0.2896551724137931
370,10017,2013-10-05 15:00:00,92,163.0,0.3607843137254902
371,10017,2013-10-05 16:00:00,108,112.0,0.4909090909090909
372,10017,2013-10-05 17:00:00,101,142.0,0.4156378600823045
373,10017,2013-10-05 18:00:00,93,121.0,0.43457943925233644
374,10017,2013-10-05 19:00:00,108,106.0,0.5046728971962616
375,10017,2013-10-05 20:00:00,108,96.0,0.5294117647058824
376,10017,2013-10-05 21:00:00,116,48.0,0.7073170731707317
377,10017,2013-10-05 22:00:00,105,107.0,0.49528301886792453
378,10017,2013-10-05 23:00:00,102,182.0,0.3591549295774648
379,10017,2013-10-06 00:00:00,125,229.0,0.3531073446327684
380,10017,2013-10-06 01:00:00,124,182.0,0.40522875816993464
381,10017,2013-10-06 02:00:00,97,164.0,0.3716475095785441
382,10017,2013-10-06 03:00:00,105,186.0,0.36082474226804123
383,10017,2013-10-06 04:00:00,92,177.0,0.3420074349442379
384,10018,2013-10-05 05:00:00,124,32.0,0.7948717948717948
385,10018,2013-10-05 06:00:00,101,4.0,0.9619047619047619
386,10018,2013-10-05 07:00:00,81,4.0,0.9529411764705882
387,10018,2013-10-05 08:00:00,36,1.0,0.972972972972973
388,10018,2013-10-05 09:00:00,28,0.0,1.0
389,10018,2013-10-05 10:00:00,34,1.0,0.9714285714285714
390,10018,2013-10-05 11:00:00,80,46.0,0.6349206349206349
391,10018,2013-10-05 12:00:00,78,143.0,0.35294117647058826
392,10018,2013-10-05 13:00:00,83,194.0,0.2996389891696751
393,10018,2013-10-05 14:00:00,95,194.0,0.328719723183391
394,10018,2013-10-05 15:00:00,113,166.0,0.4050179211469534
395,10018,2013-10-05 16:00:00,114,127.0,0.4730290456431535
396,10018,2013-10-05 17:00:00,101,148.0,0.40562248995983935
397,10018,2013-10-05 18:00:00,139,139.0,0.5
398,10018,2013-10-05 19:00:00,123,137.0,0.47307692307692306
399,10018,2013-10-05 20:00:00,118,105.0,0.5291479820627802
400,10018,2013-10-05 21:00:00,137,68.0,0.6682926829268293
401,10018,2013-10-05 22:00:00,112,122.0,0.47863247863247865
402,10018,2013-10-05 23:00:00,120,217.0,0.3560830860534125
403,10018,2013-10-06 00:00:00,112,220.0,0.3373493975903614
404,10018,2013-10-06 01:00:00,113,187.0,0.37666666666666665
405,10018,2013-10-06 02:00:00,110,181.0,0.37800687285223367
406,10018,2013-10-06 03:00:00,107,194.0,0.3554817275747508
407,10018,2013-10-06 04:00:00,96,169.0,0.3622641509433962
408,10019,2013-10-05 05:00:00,196,73.0,0.7286245353159851
409,10019,2013-10-05 06:00:00,169,7.0,0.9602272727272727
410,10019,2013-10-05 07:00:00,89,0.0,1.0
411,10019,2013-10-05 08:00:00,34,2.0,0.9444444444444444
412,10019,2013-10-05 09:00:00,42,1.0,0.9767441860465116
413,10019,2013-10-05 10:00:00,64,9.0,0.8767123287671232
414,10019,2013-10-05 11:00:00,144,79.0,0.6457399103139013
415,10019,2013-10-05 12:00:00,212,237.0,0.47216035634743875
416,10019,2013-10-05 13:00:00,191,366.0,0.34290843806104127
417,10019,2013-10-05 14:00:00,241,417.0,0.3662613981762918
418,10019,2013-10-05 15:00:00,246,343.0,0.41765704584040747
419,10019,2013-10-05 16:00:00,270,313.0,0.4631217838765009
420,10019,2013-10-05 17:00:00,284,294.0,0.4913494809688581
421,10019,2013-10-05 18:00:00,261,286.0,0.47714808043875684
422,10019,2013-10-05 19:00:00,243,366.0,0.39901477832512317
423,10019,2013-10-05 20:00:00,274,322.0,0.4597315436241611
424,10019,2013-10-05 21:00:00,249,192.0,0.564625850340136
425,10019,2013-10-05 22:00:00,274,382.0,0.4176829268292683
426,10019,2013-10-05 23:00:00,223,564.0,0.2833545108005083
427,10019,2013-10-06 00:00:00,223,662.0,0.2519774011299435
428,10019,2013-10-06 01:00:00,193,584.0,0.2483912483912484
429,10019,2013-10-06 02:00:00,186,562.0,0.24866310160427807
430,10019,2013-10-06 03:00:00,181,508.0,0.262699564586357
431,10019,2013-10-06 04:00:00,148,435.0,0.2538593481989708
432,10020,2013-10-05 05:00:00,11,3.0,0.7857142857142857
433,10020,2013-10-05 06:00:00,6,1.0,0.8571428571428571
434,10020,2013-10-05 07:00:00,4,0.0,1.0
435,10020,2013-10-05 08:00:00,6,0.0,1.0
436,10020,2013-10-05 09:00:00,3,0.0,1.0
437,10020,2013-10-05 10:00:00,4,1.0,0.8
438,10020,2013-10-05 11:00:00,1,5.0,0.16666666666666666
439,10020,2013-10-05 12:00:00,6,16.0,0.2727272727272727
440,10020,2013-10-05 13:00:00,4,13.0,0.23529411764705882
441,10020,2013-10-05 14:00:00,9,20.0,0.3103448275862069
442,10020,2013-10-05 15:00:00,14,16.0,0.4666666666666667
443,10020,2013-10-05 16:00:00,10,13.0,0.43478260869565216
444,10020,2013-10-05 17:00:00,11,9.0,0.55
445,10020,2013-10-05 18:00:00,9,15.0,0.375
446,10020,2013-10-05 19:00:00,13,20.0,0.3939393939393939
447,10020,2013-10-05 20:00:00,11,14.0,0.44
448,10020,2013-10-05 21:00:00,16,10.0,0.6153846153846154
449,10020,2013-10-05 22:00:00,15,13.0,0.5357142857142857
450,10020,2013-10-05 23:00:00,13,29.0,0.30952380952380953
451,10020,2013-10-06 00:00:00,9,25.0,0.2647058823529412
452,10020,2013-10-06 01:00:00,10,21.0,0.3225806451612903
453,10020,2013-10-06 02:00:00,11,33.0,0.25
454,10020,2013-10-06 03:00:00,7,31.0,0.18421052631578946
455,10020,2013-10-06 04:00:00,8,33.0,0.1951219512195122
456,10021,2013-10-05 05:00:00,113,99.0,0.5330188679245284
457,10021,2013-10-05 06:00:00,96,36.0,0.7272727272727273
458,10021,2013-10-05 07:00:00,61,19.0,0.7625
459,10021,2013-10-05 08:00:00,48,26.0,0.6486486486486487
460,10021,2013-10-05 09:00:00,50,10.0,0.8333333333333334
461,10021,2013-10-05 10:00:00,29,3.0,0.90625
462,10021,2013-10-05 11:00:00,58,65.0,0.4715447154471545
463,10021,2013-10-05 12:00:00,60,113.0,0.3468208092485549
464,10021,2013-10-05 13:00:00,108,209.0,0.34069400630914826
465,10021,2013-10-05 14:00:00,114,178.0,0.3904109589041096
466,10021,2013-10-05 15:00:00,135,165.0,0.45
467,10021,2013-10-05 16:00:00,130,128.0,0.5038759689922481
468,10021,2013-10-05 17:00:00,139,127.0,0.5225563909774437
469,10021,2013-10-05 18:00:00,165,133.0,0.5536912751677853
470,10021,2013-10-05 19:00:00,128,173.0,0.42524916943521596
471,10021,2013-10-05 20:00:00,125,125.0,0.5
472,10021,2013-10-05 21:00:00,133,73.0,0.6456310679611651
473,10021,2013-10-05 22:00:00,151,118.0,0.5613382899628253
474,10021,2013-10-05 23:00:00,163,249.0,0.39563106796116504
475,10021,2013-10-06 00:00:00,138,285.0,0.3262411347517731
476,10021,2013-10-06 01:00:00,115,272.0,0.2971576227390181
477,10021,2013-10-06 02:00:00,97,253.0,0.27714285714285714
478,10021,2013-10-06 03:00:00,112,292.0,0.27722772277227725
479,10021,2013-10-06 04:00:00,133,262.0,0.3367088607594937
480,10022,2013-10-05 05:00:00,165,72.0,0.6962025316455697
481,10022,2013-10-05 06:00:00,160,23.0,0.8743169398907104
482,10022,2013-10-05 07:00:00,124,23.0,0.8435374149659864
483,10022,2013-10-05 08:00:00,86,35.0,0.7107438016528925
484,10022,2013-10-05 09:00:00,70,13.0,0.8433734939759037
485,10022,2013-10-05 10:00:00,105,14.0,0.8823529411764706
486,10022,2013-10-05 11:00:00,164,168.0,0.4939759036144578
487,10022,2013-10-05 12:00:00,181,429.0,0.2967213114754098
488,10022,2013-10-05 13:00:00,194,559.0,0.25763612217795484
489,10022,2013-10-05 14:00:00,221,532.0,0.29349269588313415
490,10022,2013-10-05 15:00:00,251,410.0,0.37972768532526474
491,10022,2013-10-05 16:00:00,269,319.0,0.4574829931972789
492,10022,2013-10-05 17:00:00,306,297.0,0.5074626865671642
493,10022,2013-10-05 18:00:00,313,314.0,0.49920255183413076
494,10022,2013-10-05 19:00:00,305,310.0,0.4959349593495935
495,10022,2013-10-05 20:00:00,297,280.0,0.5147313691507799
496,10022,2013-10-05 21:00:00,335,174.0,0.6581532416502947
497,10022,2013-10-05 22:00:00,347,349.0,0.4985632183908046
498,10022,2013-10-05 23:00:00,276,473.0,0.3684913217623498
499,10022,2013-10-06 00:00:00,281,464.0,0.37718120805369126
500,10022,2013-10-06 01:00:00,272,418.0,0.39420289855072466
501,10022,2013-10-06 02:00:00,258,383.0,0.40249609984399376
502,10022,2013-10-06 03:00:00,237,387.0,0.3798076923076923
503,10022,2013-10-06 04:00:00,204,354.0,0.3655913978494624
504,10023,2013-10-05 05:00:00,192,118.0,0.6193548387096774
505,10023,2013-10-05 06:00:00,197,33.0,0.8565217391304348
506,10023,2013-10-05 07:00:00,113,16.0,0.875968992248062
507,10023,2013-10-05 08:00:00,71,11.0,0.8658536585365854
508,10023,2013-10-05 09:00:00,54,2.0,0.9642857142857143
509,10023,2013-10-05 10:00:00,175,13.0,0.9308510638297872
510,10023,2013-10-05 11:00:00,342,214.0,0.6151079136690647
511,10023,2013-10-05 12:00:00,359,429.0,0.45558375634517767
512,10023,2013-10-05 13:00:00,247,614.0,0.2868757259001161
513,10023,2013-10-05 14:00:00,270,641.0,0.29637760702524696
514,10023,2013-10-05 15:00:00,281,397.0,0.4144542772861357
515,10023,2013-10-05 16:00:00,289,310.0,0.48247078464106846
516,10023,2013-10-05 17:00:00,243,249.0,0.49390243902439024
517,10023,2013-10-05 18:00:00,251,263.0,0.4883268482490272
518,10023,2013-10-05 19:00:00,265,292.0,0.4757630161579892
519,10023,2013-10-05 20:00:00,274,213.0,0.5626283367556468
520,10023,2013-10-05 21:00:00,268,153.0,0.6365795724465558
521,10023,2013-10-05 22:00:00,254,259.0,0.4951267056530214
522,10023,2013-10-05 23:00:00,251,402.0,0.38437978560490044
523,10023,2013-10-06 00:00:00,240,459.0,0.34334763948497854
524,10023,2013-10-06 01:00:00,239,412.0,0.3671274961597542
525,10023,2013-10-06 02:00:00,221,412.0,0.34913112164297
526,10023,2013-10-06 03:00:00,207,427.0,0.3264984227129338
527,10023,2013-10-06 04:00:00,191,331.0,0.36590038314176243
528,10024,2013-10-05 05:00:00,245,91.0,0.7291666666666666
529,10024,2013-10-05 06:00:00,162,15.0,0.9152542372881356
530,10024,2013-10-05 07:00:00,109,5.0,0.956140350877193
531,10024,2013-10-05 08:00:00,76,3.0,0.9620253164556962
532,10024,2013-10-05 09:00:00,68,0.0,1.0
533,10024,2013-10-05 10:00:00,105,6.0,0.9459459459459459
534,10024,2013-10-05 11:00:00,192,81.0,0.7032967032967034
535,10024,2013-10-05 12:00:00,292,193.0,0.6020618556701031
536,10024,2013-10-05 13:00:00,261,357.0,0.4223300970873786
537,10024,2013-10-05 14:00:00,217,385.0,0.36046511627906974
538,10024,2013-10-05 15:00:00,218,297.0,0.42330097087378643
539,10024,2013-10-05 16:00:00,215,237.0,0.4756637168141593
540,10024,2013-10-05 17:00:00,234,306.0,0.43333333333333335
541,10024,2013-10-05 18:00:00,240,283.0,0.4588910133843212
542,10024,2013-10-05 19:00:00,209,278.0,0.42915811088295686
543,10024,2013-10-05 20:00:00,260,221.0,0.5405405405405406
544,10024,2013-10-05 21:00:00,236,149.0,0.612987012987013
545,10024,2013-10-05 22:00:00,216,292.0,0.4251968503937008
546,10024,2013-10-05 23:00:00,222,460.0,0.3255131964809384
547,10024,2013-10-06 00:00:00,222,556.0,0.2853470437017995
548,10024,2013-10-06 01:00:00,231,506.0,0.31343283582089554
549,10024,2013-10-06 02:00:00,194,566.0,0.25526315789473686
550,10024,2013-10-06 03:00:00,181,592.0,0.23415265200517466
551,10024,2013-10-06 04:00:00,211,455.0,0.31681681681681684
552,10025,2013-10-05 05:00:00,147,53.0,0.735
553,10025,2013-10-05 06:00:00,115,8.0,0.9349593495934959
554,10025,2013-10-05 07:00:00,62,4.0,0.9393939393939394
555,10025,2013-10-05 08:00:00,25,3.0,0.8928571428571429
556,10025,2013-10-05 09:00:00,29,0.0,1.0
557,10025,2013-10-05 10:00:00,54,2.0,0.9642857142857143
558,10025,2013-10-05 11:00:00,173,50.0,0.7757847533632287
559,10025,2013-10-05 12:00:00,245,116.0,0.6786703601108033
560,10025,2013-10-05 13:00:00,230,237.0,0.4925053533190578
561,10025,2013-10-05 14:00:00,207,252.0,0.45098039215686275
562,10025,2013-10-05 15:00:00,190,222.0,0.46116504854368934
563,10025,2013-10-05 16:00:00,198,195.0,0.5038167938931297
564,10025,2013-10-05 17:00:00,245,216.0,0.5314533622559653
565,10025,2013-10-05 18:00:00,193,192.0,0.5012987012987012
566,10025,2013-10-05 19:00:00,197,206.0,0.48883374689826303
567,10025,2013-10-05 20:00:00,228,160.0,0.5876288659793815
568,10025,2013-10-05 21:00:00,222,102.0,0.6851851851851852
569,10025,2013-10-05 22:00:00,251,177.0,0.5864485981308412
570,10025,2013-10-05 23:00:00,180,331.0,0.3522504892367906
571,10025,2013-10-06 00:00:00,192,408.0,0.32
572,10025,2013-10-06 01:00:00,170,337.0,0.33530571992110453
573,10025,2013-10-06 02:00:00,164,346.0,0.3215686274509804
574,10025,2013-10-06 03:00:00,160,317.0,0.33542976939203356
575,10025,2013-10-06 04:00:00,159,278.0,0.36384439359267734
576,10026,2013-10-05 05:00:00,194,52.0,0.7886178861788617
577,10026,2013-10-05 06:00:00,146,10.0,0.9358974358974359
578,10026,2013-10-05 07:00:00,72,4.0,0.9473684210526315
579,10026,2013-10-05 08:00:00,66,3.0,0.9565217391304348
580,10026,2013-10-05 09:00:00,40,1.0,0.975609756097561
581,10026,2013-10-05 10:00:00,38,2.0,0.95
582,10026,2013-10-05 11:00:00,81,56.0,0.5912408759124088
583,10026,2013-10-05 12:00:00,150,134.0,0.528169014084507
584,10026,2013-10-05 13:00:00,174,216.0,0.4461538461538462
585,10026,2013-10-05 14:00:00,233,228.0,0.5054229934924078
586,10026,2013-10-05 15:00:00,219,168.0,0.5658914728682171
587,10026,2013-10-05 16:00:00,247,149.0,0.6237373737373737
588,10026,2013-10-05 17:00:00,209,209.0,0.5
589,10026,2013-10-05 18:00:00,213,210.0,0.5035460992907801
590,10026,2013-10-05 19:00:00,207,232.0,0.4715261958997722
591,10026,2013-10-05 20:00:00,216,177.0,0.549618320610687
592,10026,2013-10-05 21:00:00,209,114.0,0.6470588235294118
593,10026,2013-10-05 22:00:00,161,210.0,0.4339622641509434
594,10026,2013-10-05 23:00:00,194,379.0,0.33856893542757416
595,10026,2013-10-06 00:00:00,161,409.0,0.2824561403508772
596,10026,2013-10-06 01:00:00,160,380.0,0.2962962962962963
597,10026,2013-10-06 02:00:00,133,396.0,0.2514177693761815
598,10026,2013-10-06 03:00:00,161,515.0,0.23816568047337278
599,10026,2013-10-06 04:00:00,176,415.0,0.29780033840947545
600,10027,2013-10-05 05:00:00,443,136.0,0.7651122625215889
601,10027,2013-10-05 06:00:00,281,34.0,0.8920634920634921
602,10027,2013-10-05 07:00:00,183,10.0,0.9481865284974094
603,10027,2013-10-05 08:00:00,103,9.0,0.9196428571428571
604,10027,2013-10-05 09:00:00,88,7.0,0.9263157894736842
605,10027,2013-10-05 10:00:00,168,28.0,0.8571428571428571
606,10027,2013-10-05 11:00:00,369,268.0,0.5792778649921507
607,10027,2013-10-05 12:00:00,475,670.0,0.4148471615720524
608,10027,2013-10-05 13:00:00,483,954.0,0.33611691022964507
609,10027,2013-10-05 14:00:00,490,949.0,0.3405142460041696
610,10027,2013-10-05 15:00:00,532,736.0,0.4195583596214511
611,10027,2013-10-05 16:00:00,558,565.0,0.4968833481745325
612,10027,2013-10-05 17:00:00,563,604.0,0.4824335904027421
613,10027,2013-10-05 18:00:00,548,574.0,0.48841354723707664
614,10027,2013-10-05 19:00:00,550,618.0,0.4708904109589041
615,10027,2013-10-05 20:00:00,557,531.0,0.5119485294117647
616,10027,2013-10-05 21:00:00,620,306.0,0.6695464362850972
617,10027,2013-10-05 22:00:00,525,568.0,0.48032936870997256
618,10027,2013-10-05 23:00:00,549,955.0,0.3650265957446808
619,10027,2013-10-06 00:00:00,508,1072.0,0.32151898734177214
620,10027,2013-10-06 01:00:00,565,974.0,0.36712150747238464
621,10027,2013-10-06 02:00:00,551,868.0,0.3883016208597604
622,10027,2013-10-06 03:00:00,531,844.0,0.3861818181818182
623,10027,2013-10-06 04:00:00,477,676.0,0.4137033824804857
624,10028,2013-10-05 05:00:00,133,23.0,0.8525641025641025
625,10028,2013-10-05 06:00:00,96,3.0,0.9696969696969697
626,10028,2013-10-05 07:00:00,50,1.0,0.9803921568627451
627,10028,2013-10-05 08:00:00,30,0.0,1.0
628,10028,2013-10-05 09:00:00,21,1.0,0.9545454545454546
629,10028,2013-10-05 10:00:00,32,2.0,0.9411764705882353
630,10028,2013-10-05 11:00:00,65,26.0,0.7142857142857143
631,10028,2013-10-05 12:00:00,137,51.0,0.7287234042553191
632,10028,2013-10-05 13:00:00,115,150.0,0.4339622641509434
633,10028,2013-10-05 14:00:00,140,115.0,0.5490196078431373
634,10028,2013-10-05 15:00:00,128,109.0,0.540084388185654
635,10028,2013-10-05 16:00:00,126,111.0,0.5316455696202531
636,10028,2013-10-05 17:00:00,112,131.0,0.4609053497942387
637,10028,2013-10-05 18:00:00,139,145.0,0.4894366197183099
638,10028,2013-10-05 19:00:00,119,149.0,0.44402985074626866
639,10028,2013-10-05 20:00:00,135,125.0,0.5192307692307693
640,10028,2013-10-05 21:00:00,102,78.0,0.5666666666666667
641,10028,2013-10-05 22:00:00,106,131.0,0.4472573839662447
642,10028,2013-10-05 23:00:00,126,227.0,0.35694050991501414
643,10028,2013-10-06 00:00:00,113,274.0,0.29198966408268734
644,10028,2013-10-06 01:00:00,98,239.0,0.29080118694362017
645,10028,2013-10-06 02:00:00,101,236.0,0.2997032640949555
646,10028,2013-10-06 03:00:00,98,225.0,0.30340557275541796
647,10028,2013-10-06 04:00:00,96,157.0,0.3794466403162055
648,10029,2013-10-05 05:00:00,191,46.0,0.8059071729957806
649,10029,2013-10-05 06:00:00,129,9.0,0.9347826086956522
650,10029,2013-10-05 07:00:00,71,6.0,0.922077922077922
651,10029,2013-10-05 08:00:00,76,5.0,0.9382716049382716
652,10029,2013-10-05 09:00:00,75,2.0,0.974025974025974
653,10029,2013-10-05 10:00:00,82,15.0,0.845360824742268
654,10029,2013-10-05 11:00:00,172,114.0,0.6013986013986014
655,10029,2013-10-05 12:00:00,172,225.0,0.4332493702770781
656,10029,2013-10-05 13:00:00,266,370.0,0.41823899371069184
657,10029,2013-10-05 14:00:00,252,349.0,0.4193011647254576
658,10029,2013-10-05 15:00:00,282,325.0,0.4645799011532125
659,10029,2013-10-05 16:00:00,253,275.0,0.4791666666666667
660,10029,2013-10-05 17:00:00,233,293.0,0.4429657794676806
661,10029,2013-10-05 18:00:00,219,305.0,0.4179389312977099
662,10029,2013-10-05 19:00:00,227,292.0,0.4373795761078998
663,10029,2013-10-05 20:00:00,265,234.0,0.531062124248497
664,10029,2013-10-05 21:00:00,242,131.0,0.6487935656836461
665,10029,2013-10-05 22:00:00,285,287.0,0.4982517482517482
666,10029,2013-10-05 23:00:00,270,463.0,0.3683492496589359
667,10029,2013-10-06 00:00:00,240,430.0,0.3582089552238806
668,10029,2013-10-06 01:00:00,211,408.0,0.3408723747980614
669,10029,2013-10-06 02:00:00,221,383.0,0.3658940397350993
670,10029,2013-10-06 03:00:00,197,351.0,0.3594890510948905
671,10029,2013-10-06 04:00:00,219,280.0,0.43887775551102204
672,10030,2013-10-05 05:00:00,137,63.0,0.685
673,10030,2013-10-05 06:00:00,128,17.0,0.8827586206896552
674,10030,2013-10-05 07:00:00,97,8.0,0.9238095238095239
675,10030,2013-10-05 08:00:00,60,7.0,0.8955223880597015
676,10030,2013-10-05 09:00:00,36,4.0,0.9
677,10030,2013-10-05 10:00:00,38,5.0,0.8837209302325582
678,10030,2013-10-05 11:00:00,101,51.0,0.6644736842105263
679,10030,2013-10-05 12:00:00,131,163.0,0.445578231292517
680,10030,2013-10-05 13:00:00,158,256.0,0.38164251207729466
681,10030,2013-10-05 14:00:00,182,298.0,0.37916666666666665
682,10030,2013-10-05 15:00:00,198,244.0,0.4479638009049774
683,10030,2013-10-05 16:00:00,207,225.0,0.4791666666666667
684,10030,2013-10-05 17:00:00,218,273.0,0.4439918533604888
685,10030,2013-10-05 18:00:00,215,268.0,0.4451345755693582
686,10030,2013-10-05 19:00:00,217,251.0,0.4636752136752137
687,10030,2013-10-05 20:00:00,232,252.0,0.4793388429752066
688,10030,2013-10-05 21:00:00,272,173.0,0.6112359550561798
689,10030,2013-10-05 22:00:00,211,317.0,0.3996212121212121
690,10030,2013-10-05 23:00:00,209,466.0,0.30962962962962964
691,10030,2013-10-06 00:00:00,225,461.0,0.32798833819241985
692,10030,2013-10-06 01:00:00,182,396.0,0.314878892733564
693,10030,2013-10-06 02:00:00,143,367.0,0.2803921568627451
694,10030,2013-10-06 03:00:00,136,336.0,0.288135593220339
695,10030,2013-10-06 04:00:00,141,313.0,0.31057268722466963
696,10031,2013-10-05 05:00:00,227,76.0,0.7491749174917491
697,10031,2013-10-05 06:00:00,165,8.0,0.953757225433526
698,10031,2013-10-05 07:00:00,103,2.0,0.9809523809523809
699,10031,2013-10-05 08:00:00,57,0.0,1.0
700,10031,2013-10-05 09:00:00,40,1.0,0.975609756097561
701,10031,2013-10-05 10:00:00,72,3.0,0.96
702,10031,2013-10-05 11:00:00,156,111.0,0.5842696629213483
703,10031,2013-10-05 12:00:00,195,235.0,0.45348837209302323
704,10031,2013-10-05 13:00:00,213,335.0,0.3886861313868613
705,10031,2013-10-05 14:00:00,215,400.0,0.34959349593495936
706,10031,2013-10-05 15:00:00,261,294.0,0.4702702702702703
707,10031,2013-10-05 16:00:00,238,283.0,0.45681381957773515
708,10031,2013-10-05 17:00:00,246,262.0,0.484251968503937
709,10031,2013-10-05 18:00:00,238,280.0,0.4594594594594595
710,10031,2013-10-05 19:00:00,241,327.0,0.4242957746478873
711,10031,2013-10-05 20:00:00,244,216.0,0.5304347826086957
712,10031,2013-10-05 21:00:00,281,119.0,0.7025
713,10031,2013-10-05 22:00:00,253,298.0,0.4591651542649728
714,10031,2013-10-05 23:00:00,217,508.0,0.2993103448275862
715,10031,2013-10-06 00:00:00,235,580.0,0.2883435582822086
716,10031,2013-10-06 01:00:00,204,514.0,0.2841225626740947
717,10031,2013-10-06 02:00:00,209,473.0,0.3064516129032258
718,10031,2013-10-06 03:00:00,191,475.0,0.28678678678678676
719,10031,2013-10-06 04:00:00,219,415.0,0.34542586750788645
720,10032,2013-10-05 05:00:00,287,55.0,0.8391812865497076
721,10032,2013-10-05 06:00:00,166,11.0,0.9378531073446328
722,10032,2013-10-05 07:00:00,117,4.0,0.9669421487603306
723,10032,2013-10-05 08:00:00,83,10.0,0.8924731182795699
724,10032,2013-10-05 09:00:00,50,1.0,0.9803921568627451
725,10032,2013-10-05 10:00:00,97,1.0,0.9897959183673469
726,10032,2013-10-05 11:00:00,231,107.0,0.6834319526627219
727,10032,2013-10-05 12:00:00,296,352.0,0.4567901234567901
728,10032,2013-10-05 13:00:00,260,595.0,0.30409356725146197
729,10032,2013-10-05 14:00:00,263,594.0,0.30688448074679114
730,10032,2013-10-05 15:00:00,290,534.0,0.35194174757281554
731,10032,2013-10-05 16:00:00,348,365.0,0.48807854137447404
732,10032,2013-10-05 17:00:00,366,404.0,0.4753246753246753
733,10032,2013-10-05 18:00:00,356,373.0,0.4883401920438957
734,10032,2013-10-05 19:00:00,370,387.0,0.48877146631439894
735,10032,2013-10-05 20:00:00,341,300.0,0.53198127925117
736,10032,2013-10-05 21:00:00,331,174.0,0.6554455445544555
737,10032,2013-10-05 22:00:00,315,331.0,0.48761609907120745
738,10032,2013-10-05 23:00:00,339,467.0,0.4205955334987593
739,10032,2013-10-06 00:00:00,325,551.0,0.3710045662100457
740,10032,2013-10-06 01:00:00,302,395.0,0.4332855093256815
741,10032,2013-10-06 02:00:00,347,366.0,0.48667601683029454
742,10032,2013-10-06 03:00:00,351,301.0,0.5383435582822086
743,10032,2013-10-06 04:00:00,288,256.0,0.5294117647058824
744,10033,2013-10-05 05:00:00,225,71.0,0.7601351351351351
745,10033,2013-10-05 06:00:00,173,6.0,0.9664804469273743
746,10033,2013-10-05 07:00:00,109,4.0,0.9646017699115044
747,10033,2013-10-05 08:00:00,64,4.0,0.9411764705882353
748,10033,2013-10-05 09:00:00,43,2.0,0.9555555555555556
749,10033,2013-10-05 10:00:00,81,5.0,0.9418604651162791
750,10033,2013-10-05 11:00:00,174,109.0,0.6148409893992933
751,10033,2013-10-05 12:00:00,235,280.0,0.4563106796116505
752,10033,2013-10-05 13:00:00,242,450.0,0.34971098265895956
753,10033,2013-10-05 14:00:00,178,477.0,0.2717557251908397
754,10033,2013-10-05 15:00:00,173,396.0,0.30404217926186294
755,10033,2013-10-05 16:00:00,175,311.0,0.360082304526749
756,10033,2013-10-05 17:00:00,204,259.0,0.4406047516198704
757,10033,2013-10-05 18:00:00,204,263.0,0.43683083511777304
758,10033,2013-10-05 19:00:00,214,300.0,0.4163424124513619
759,10033,2013-10-05 20:00:00,236,304.0,0.43703703703703706
760,10033,2013-10-05 21:00:00,256,172.0,0.5981308411214953
761,10033,2013-10-05 22:00:00,213,321.0,0.398876404494382
762,10033,2013-10-05 23:00:00,199,466.0,0.2992481203007519
763,10033,2013-10-06 00:00:00,232,582.0,0.28501228501228504
764,10033,2013-10-06 01:00:00,204,502.0,0.28895184135977336
765,10033,2013-10-06 02:00:00,183,419.0,0.30398671096345514
766,10033,2013-10-06 03:00:00,181,427.0,0.29769736842105265
767,10033,2013-10-06 04:00:00,194,360.0,0.35018050541516244
768,10034,2013-10-05 05:00:00,173,82.0,0.6784313725490196
769,10034,2013-10-05 06:00:00,116,24.0,0.8285714285714286
770,10034,2013-10-05 07:00:00,70,3.0,0.958904109589041
771,10034,2013-10-05 08:00:00,48,4.0,0.9230769230769231
772,10034,2013-10-05 09:00:00,35,1.0,0.9722222222222222
773,10034,2013-10-05 10:00:00,48,12.0,0.8
774,10034,2013-10-05 11:00:00,95,99.0,0.4896907216494845
775,10034,2013-10-05 12:00:00,144,231.0,0.384
776,10034,2013-10-05 13:00:00,197,328.0,0.37523809523809526
777,10034,2013-10-05 14:00:00,232,355.0,0.39522998296422485
778,10034,2013-10-05 15:00:00,237,237.0,0.5
779,10034,2013-10-05 16:00:00,250,206.0,0.5482456140350878
780,10034,2013-10-05 17:00:00,228,205.0,0.5265588914549654
781,10034,2013-10-05 18:00:00,257,226.0,0.5320910973084886
782,10034,2013-10-05 19:00:00,215,248.0,0.46436285097192226
783,10034,2013-10-05 20:00:00,229,196.0,0.5388235294117647
784,10034,2013-10-05 21:00:00,232,140.0,0.6236559139784946
785,10034,2013-10-05 22:00:00,219,253.0,0.4639830508474576
786,10034,2013-10-05 23:00:00,212,447.0,0.3216995447647951
787,10034,2013-10-06 00:00:00,216,434.0,0.3323076923076923
788,10034,2013-10-06 01:00:00,192,440.0,0.3037974683544304
789,10034,2013-10-06 02:00:00,166,404.0,0.2912280701754386
790,10034,2013-10-06 03:00:00,178,368.0,0.326007326007326
791,10034,2013-10-06 04:00:00,151,307.0,0.3296943231441048
792,10035,2013-10-05 05:00:00,204,57.0,0.7816091954022989
793,10035,2013-10-05 06:00:00,156,8.0,0.9512195121951219
794,10035,2013-10-05 07:00:00,68,9.0,0.8831168831168831
795,10035,2013-10-05 08:00:00,68,3.0,0.9577464788732394
796,10035,2013-10-05 09:00:00,34,5.0,0.8717948717948718
797,10035,2013-10-05 10:00:00,79,1.0,0.9875
798,10035,2013-10-05 11:00:00,225,100.0,0.6923076923076923
799,10035,2013-10-05 12:00:00,357,264.0,0.5748792270531401
800,10035,2013-10-05 13:00:00,365,426.0,0.461441213653603
801,10035,2013-10-05 14:00:00,372,508.0,0.42272727272727273
802,10035,2013-10-05 15:00:00,342,399.0,0.46153846153846156
803,10035,2013-10-05 16:00:00,386,330.0,0.5391061452513967
804,10035,2013-10-05 17:00:00,426,446.0,0.48853211009174313
805,10035,2013-10-05 18:00:00,379,372.0,0.5046604527296937
806,10035,2013-10-05 19:00:00,356,422.0,0.45758354755784064
807,10035,2013-10-05 20:00:00,344,338.0,0.5043988269794721
808,10035,2013-10-05 21:00:00,352,189.0,0.6506469500924215
809,10035,2013-10-05 22:00:00,386,400.0,0.4910941475826972
810,10035,2013-10-05 23:00:00,287,737.0,0.2802734375
811,10035,2013-10-06 00:00:00,279,811.0,0.25596330275229356
812,10035,2013-10-06 01:00:00,238,670.0,0.2621145374449339
813,10035,2013-10-06 02:00:00,254,586.0,0.30238095238095236
814,10035,2013-10-06 03:00:00,232,531.0,0.3040629095674967
815,10035,2013-10-06 04:00:00,218,345.0,0.3872113676731794
816,10036,2013-10-05 05:00:00,102,34.0,0.75
817,10036,2013-10-05 06:00:00,94,2.0,0.9791666666666666
818,10036,2013-10-05 07:00:00,44,0.0,1.0
819,10036,2013-10-05 08:00:00,25,1.0,0.9615384615384616
820,10036,2013-10-05 09:00:00,29,1.0,0.9666666666666667
821,10036,2013-10-05 10:00:00,40,3.0,0.9302325581395349
822,10036,2013-10-05 11:00:00,82,41.0,0.6666666666666666
823,10036,2013-10-05 12:00:00,103,85.0,0.5478723404255319
824,10036,2013-10-05 13:00:00,130,147.0,0.4693140794223827
825,10036,2013-10-05 14:00:00,97,173.0,0.3592592592592593
826,10036,2013-10-05 15:00:00,96,136.0,0.41379310344827586
827,10036,2013-10-05 16:00:00,102,131.0,0.43776824034334766
828,10036,2013-10-05 17:00:00,106,144.0,0.424
829,10036,2013-10-05 18:00:00,109,144.0,0.4308300395256917
830,10036,2013-10-05 19:00:00,94,134.0,0.41228070175438597
831,10036,2013-10-05 20:00:00,91,105.0,0.4642857142857143
832,10036,2013-10-05 21:00:00,101,88.0,0.5343915343915344
833,10036,2013-10-05 22:00:00,100,161.0,0.3831417624521073
834,10036,2013-10-05 23:00:00,101,231.0,0.3042168674698795
835,10036,2013-10-06 00:00:00,117,283.0,0.2925
836,10036,2013-10-06 01:00:00,84,220.0,0.27631578947368424
837,10036,2013-10-06 02:00:00,95,247.0,0.2777777777777778
838,10036,2013-10-06 03:00:00,123,219.0,0.35964912280701755
839,10036,2013-10-06 04:00:00,88,165.0,0.34782608695652173
840,10037,2013-10-05 05:00:00,160,42.0,0.7920792079207921
841,10037,2013-10-05 06:00:00,117,2.0,0.9831932773109243
842,10037,2013-10-05 07:00:00,55,0.0,1.0
843,10037,2013-10-05 08:00:00,42,1.0,0.9767441860465116
844,10037,2013-10-05 09:00:00,37,0.0,1.0
845,10037,2013-10-05 10:00:00,51,1.0,0.9807692307692307
846,10037,2013-10-05 11:00:00,108,35.0,0.7552447552447552
847,10037,2013-10-05 12:00:00,220,62.0,0.7801418439716312
848,10037,2013-10-05 13:00:00,261,140.0,0.6508728179551122
849,10037,2013-10-05 14:00:00,276,184.0,0.6
850,10037,2013-10-05 15:00:00,241,178.0,0.5751789976133651
851,10037,2013-10-05 16:00:00,238,157.0,0.6025316455696202
852,10037,2013-10-05 17:00:00,230,208.0,0.5251141552511416
853,10037,2013-10-05 18:00:00,227,238.0,0.4881720430107527
854,10037,2013-10-05 19:00:00,210,240.0,0.4666666666666667
855,10037,2013-10-05 20:00:00,200,175.0,0.5333333333333333
856,10037,2013-10-05 21:00:00,245,136.0,0.6430446194225722
857,10037,2013-10-05 22:00:00,200,195.0,0.5063291139240507
858,10037,2013-10-05 23:00:00,159,425.0,0.2722602739726027
859,10037,2013-10-06 00:00:00,137,514.0,0.21044546850998463
860,10037,2013-10-06 01:00:00,148,467.0,0.24065040650406505
861,10037,2013-10-06 02:00:00,139,400.0,0.25788497217068646
862,10037,2013-10-06 03:00:00,117,345.0,0.2532467532467532
863,10037,2013-10-06 04:00:00,122,304.0,0.2863849765258216
864,10038,2013-10-05 05:00:00,201,62.0,0.7642585551330798
865,10038,2013-10-05 06:00:00,127,12.0,0.9136690647482014
866,10038,2013-10-05 07:00:00,90,2.0,0.9782608695652174
867,10038,2013-10-05 08:00:00,64,3.0,0.9552238805970149
868,10038,2013-10-05 09:00:00,48,2.0,0.96
869,10038,2013-10-05 10:00:00,71,3.0,0.9594594594594594
870,10038,2013-10-05 11:00:00,128,55.0,0.6994535519125683
871,10038,2013-10-05 12:00:00,183,125.0,0.5941558441558441
872,10038,2013-10-05 13:00:00,257,282.0,0.47680890538033394
873,10038,2013-10-05 14:00:00,270,325.0,0.453781512605042
874,10038,2013-10-05 15:00:00,249,257.0,0.49209486166007904
875,10038,2013-10-05 16:00:00,255,240.0,0.5151515151515151
876,10038,2013-10-05 17:00:00,272,252.0,0.5190839694656488
877,10038,2013-10-05 18:00:00,259,280.0,0.4805194805194805
878,10038,2013-10-05 19:00:00,253,290.0,0.46593001841620624
879,10038,2013-10-05 20:00:00,264,258.0,0.5057471264367817
880,10038,2013-10-05 21:00:00,238,141.0,0.6279683377308707
881,10038,2013-10-05 22:00:00,263,276.0,0.48794063079777367
882,10038,2013-10-05 23:00:00,202,515.0,0.28172942817294283
883,10038,2013-10-06 00:00:00,187,497.0,0.2733918128654971
884,10038,2013-10-06 01:00:00,215,445.0,0.32575757575757575
885,10038,2013-10-06 02:00:00,206,466.0,0.30654761904761907
886,10038,2013-10-06 03:00:00,176,442.0,0.284789644012945
887,10038,2013-10-06 04:00:00,162,444.0,0.26732673267326734
888,10039,2013-10-05 05:00:00,165,37.0,0.8168316831683168
889,10039,2013-10-05 06:00:00,100,22.0,0.819672131147541
890,10039,2013-10-05 07:00:00,80,3.0,0.963855421686747
891,10039,2013-10-05 08:00:00,59,8.0,0.8805970149253731
892,10039,2013-10-05 09:00:00,55,5.0,0.9166666666666666
893,10039,2013-10-05 10:00:00,41,12.0,0.7735849056603774
894,10039,2013-10-05 11:00:00,77,73.0,0.5133333333333333
895,10039,2013-10-05 12:00:00,104,139.0,0.4279835390946502
896,10039,2013-10-05 13:00:00,144,179.0,0.4458204334365325
897,10039,2013-10-05 14:00:00,135,181.0,0.4272151898734177
898,10039,2013-10-05 15:00:00,152,142.0,0.5170068027210885
899,10039,2013-10-05 16:00:00,173,136.0,0.5598705501618123
900,10039,2013-10-05 17:00:00,204,140.0,0.5930232558139535
901,10039,2013-10-05 18:00:00,216,195.0,0.5255474452554745
902,10039,2013-10-05 19:00:00,202,162.0,0.554945054945055
903,10039,2013-10-05 20:00:00,202,135.0,0.599406528189911
904,10039,2013-10-05 21:00:00,200,97.0,0.6734006734006734
905,10039,2013-10-05 22:00:00,202,158.0,0.5611111111111111
906,10039,2013-10-05 23:00:00,213,197.0,0.5195121951219512
907,10039,2013-10-06 00:00:00,204,274.0,0.42677824267782427
908,10039,2013-10-06 01:00:00,171,263.0,0.39400921658986177
909,10039,2013-10-06 02:00:00,155,270.0,0.36470588235294116
910,10039,2013-10-06 03:00:00,160,255.0,0.3855421686746988
911,10039,2013-10-06 04:00:00,150,236.0,0.38860103626943004
912,10040,2013-10-05 05:00:00,124,33.0,0.7898089171974523
913,10040,2013-10-05 06:00:00,74,6.0,0.925
914,10040,2013-10-05 07:00:00,54,0.0,1.0
915,10040,2013-10-05 08:00:00,35,1.0,0.9722222222222222
916,10040,2013-10-05 09:00:00,34,2.0,0.9444444444444444
917,10040,2013-10-05 10:00:00,32,3.0,0.9142857142857143
918,10040,2013-10-05 11:00:00,60,21.0,0.7407407407407407
919,10040,2013-10-05 12:00:00,92,73.0,0.5575757575757576
920,10040,2013-10-05 13:00:00,111,143.0,0.43700787401574803
921,10040,2013-10-05 14:00:00,126,136.0,0.48091603053435117
922,10040,2013-10-05 15:00:00,146,128.0,0.5328467153284672
923,10040,2013-10-05 16:00:00,126,87.0,0.5915492957746479
924,10040,2013-10-05 17:00:00,109,117.0,0.4823008849557522
925,10040,2013-10-05 18:00:00,127,100.0,0.5594713656387665
926,10040,2013-10-05 19:00:00,103,120.0,0.4618834080717489
927,10040,2013-10-05 20:00:00,107,98.0,0.5219512195121951
928,10040,2013-10-05 21:00:00,133,58.0,0.6963350785340314
929,10040,2013-10-05 22:00:00,115,108.0,0.515695067264574
930,10040,2013-10-05 23:00:00,147,180.0,0.44954128440366975
931,10040,2013-10-06 00:00:00,118,191.0,0.3818770226537217
932,10040,2013-10-06 01:00:00,116,186.0,0.3841059602649007
933,10040,2013-10-06 02:00:00,114,221.0,0.3402985074626866
934,10040,2013-10-06 03:00:00,107,181.0,0.3715277777777778
935,10040,2013-10-06 04:00:00,89,138.0,0.3920704845814978
936,10041,2013-10-05 05:00:00,4,,
937,10041,2013-10-05 06:00:00,2,,
938,10041,2013-10-05 07:00:00,0,,
939,10041,2013-10-05 08:00:00,0,,
940,10041,2013-10-05 09:00:00,3,,
941,10041,2013-10-05 10:00:00,2,,
942,10041,2013-10-05 11:00:00,3,1.0,0.75
943,10041,2013-10-05 12:00:00,8,10.0,0.4444444444444444
944,10041,2013-10-05 13:00:00,9,16.0,0.36
945,10041,2013-10-05 14:00:00,8,18.0,0.3076923076923077
946,10041,2013-10-05 15:00:00,11,21.0,0.34375
947,10041,2013-10-05 16:00:00,9,15.0,0.375
948,10041,2013-10-05 17:00:00,14,14.0,0.5
949,10041,2013-10-05 18:00:00,15,11.0,0.5769230769230769
950,10041,2013-10-05 19:00:00,16,8.0,0.6666666666666666
951,10041,2013-10-05 20:00:00,19,5.0,0.7916666666666666
952,10041,2013-10-05 21:00:00,28,3.0,0.9032258064516129
953,10041,2013-10-05 22:00:00,18,13.0,0.5806451612903226
954,10041,2013-10-05 23:00:00,22,8.0,0.7333333333333333
955,10041,2013-10-06 00:00:00,14,12.0,0.5384615384615384
956,10041,2013-10-06 01:00:00,17,1.0,0.9444444444444444
957,10041,2013-10-06 02:00:00,9,,
958,10041,2013-10-06 03:00:00,10,,
959,10041,2013-10-06 04:00:00,6,,
960,10048,2013-10-05 05:00:00,5,,
961,10048,2013-10-05 06:00:00,1,,
962,10048,2013-10-05 07:00:00,2,,
963,10048,2013-10-05 08:00:00,2,,
964,10048,2013-10-05 09:00:00,1,,
965,10048,2013-10-05 10:00:00,2,,
966,10048,2013-10-05 11:00:00,1,1.0,0.5
967,10048,2013-10-05 12:00:00,1,0.0,1.0
968,10048,2013-10-05 13:00:00,3,5.0,0.375
969,10048,2013-10-05 14:00:00,5,4.0,0.5555555555555556
970,10048,2013-10-05 15:00:00,4,4.0,0.5
971,10048,2013-10-05 16:00:00,1,1.0,0.5
972,10048,2013-10-05 17:00:00,0,1.0,0.0
973,10048,2013-10-05 18:00:00,4,0.0,1.0
974,10048,2013-10-05 19:00:00,1,0.0,1.0
975,10048,2013-10-05 20:00:00,6,1.0,0.8571428571428571
976,10048,2013-10-05 21:00:00,1,0.0,1.0
977,10048,2013-10-05 22:00:00,4,1.0,0.8
978,10048,2013-10-05 23:00:00,5,1.0,0.8333333333333334
979,10048,2013-10-06 00:00:00,3,2.0,0.6
980,10048,2013-10-06 01:00:00,3,0.0,1.0
981,10048,2013-10-06 02:00:00,4,1.0,0.8
982,10048,2013-10-06 03:00:00,4,3.0,0.5714285714285714
983,10048,2013-10-06 04:00:00,3,2.0,0.6
984,10065,2013-10-05 05:00:00,157,82.0,0.6569037656903766
985,10065,2013-10-05 06:00:00,149,25.0,0.8563218390804598
986,10065,2013-10-05 07:00:00,127,20.0,0.8639455782312925
987,10065,2013-10-05 08:00:00,75,16.0,0.8241758241758241
988,10065,2013-10-05 09:00:00,51,7.0,0.8793103448275862
989,10065,2013-10-05 10:00:00,39,9.0,0.8125
990,10065,2013-10-05 11:00:00,77,85.0,0.47530864197530864
991,10065,2013-10-05 12:00:00,108,197.0,0.3540983606557377
992,10065,2013-10-05 13:00:00,121,266.0,0.31266149870801035
993,10065,2013-10-05 14:00:00,161,306.0,0.34475374732334046
994,10065,2013-10-05 15:00:00,159,225.0,0.4140625
995,10065,2013-10-05 16:00:00,132,190.0,0.40993788819875776
996,10065,2013-10-05 17:00:00,189,196.0,0.4909090909090909
997,10065,2013-10-05 18:00:00,170,190.0,0.4722222222222222
998,10065,2013-10-05 19:00:00,155,160.0,0.49206349206349204
999,10065,2013-10-05 20:00:00,181,177.0,0.505586592178771
1000,10065,2013-10-05 21:00:00,181,110.0,0.6219931271477663
1001,10065,2013-10-05 22:00:00,182,198.0,0.4789473684210526
1002,10065,2013-10-05 23:00:00,201,291.0,0.40853658536585363
1003,10065,2013-10-06 00:00:00,176,338.0,0.3424124513618677
1004,10065,2013-10-06 01:00:00,181,309.0,0.3693877551020408
1005,10065,2013-10-06 02:00:00,127,321.0,0.28348214285714285
1006,10065,2013-10-06 03:00:00,162,328.0,0.3306122448979592
1007,10065,2013-10-06 04:00:00,135,328.0,0.2915766738660907
1008,10069,2013-10-05 05:00:00,56,14.0,0.8
1009,10069,2013-10-05 06:00:00,30,1.0,0.967741935483871
1010,10069,2013-10-05 07:00:00,16,1.0,0.9411764705882353
1011,10069,2013-10-05 08:00:00,11,1.0,0.9166666666666666
1012,10069,2013-10-05 09:00:00,4,0.0,1.0
1013,10069,2013-10-05 10:00:00,13,0.0,1.0
1014,10069,2013-10-05 11:00:00,20,15.0,0.5714285714285714
1015,10069,2013-10-05 12:00:00,22,28.0,0.44
1016,10069,2013-10-05 13:00:00,32,41.0,0.4383561643835616
1017,10069,2013-10-05 14:00:00,65,50.0,0.5652173913043478
1018,10069,2013-10-05 15:00:00,52,48.0,0.52
1019,10069,2013-10-05 16:00:00,83,52.0,0.6148148148148148
1020,10069,2013-10-05 17:00:00,64,85.0,0.42953020134228187
1021,10069,2013-10-05 18:00:00,81,83.0,0.49390243902439024
1022,10069,2013-10-05 19:00:00,63,79.0,0.44366197183098594
1023,10069,2013-10-05 20:00:00,72,91.0,0.44171779141104295
1024,10069,2013-10-05 21:00:00,61,40.0,0.6039603960396039
1025,10069,2013-10-05 22:00:00,61,62.0,0.4959349593495935
1026,10069,2013-10-05 23:00:00,54,135.0,0.2857142857142857
1027,10069,2013-10-06 00:00:00,55,143.0,0.2777777777777778
1028,10069,2013-10-06 01:00:00,48,126.0,0.27586206896551724
1029,10069,2013-10-06 02:00:00,46,118.0,0.2804878048780488
1030,10069,2013-10-06 03:00:00,54,116.0,0.3176470588235294
1031,10069,2013-10-06 04:00:00,59,80.0,0.4244604316546763
1032,10075,2013-10-05 05:00:00,62,31.0,0.6666666666666666
1033,10075,2013-10-05 06:00:00,62,0.0,1.0
1034,10075,2013-10-05 07:00:00,26,0.0,1.0
1035,10075,2013-10-05 08:00:00,20,0.0,1.0
1036,10075,2013-10-05 09:00:00,18,0.0,1.0
1037,10075,2013-10-05 10:00:00,18,0.0,1.0
1038,10075,2013-10-05 11:00:00,73,11.0,0.8690476190476191
1039,10075,2013-10-05 12:00:00,93,29.0,0.7622950819672131
1040,10075,2013-10-05 13:00:00,104,76.0,0.5777777777777777
1041,10075,2013-10-05 14:00:00,104,93.0,0.5279187817258884
1042,10075,2013-10-05 15:00:00,86,74.0,0.5375
1043,10075,2013-10-05 16:00:00,114,93.0,0.5507246376811594
1044,10075,2013-10-05 17:00:00,108,92.0,0.54
1045,10075,2013-10-05 18:00:00,101,130.0,0.43722943722943725
1046,10075,2013-10-05 19:00:00,101,127.0,0.44298245614035087
1047,10075,2013-10-05 20:00:00,97,114.0,0.4597156398104265
1048,10075,2013-10-05 21:00:00,125,66.0,0.6544502617801047
1049,10075,2013-10-05 22:00:00,74,125.0,0.37185929648241206
1050,10075,2013-10-05 23:00:00,73,221.0,0.24829931972789115
1051,10075,2013-10-06 00:00:00,62,234.0,0.20945945945945946
1052,10075,2013-10-06 01:00:00,80,266.0,0.23121387283236994
1053,10075,2013-10-06 02:00:00,72,224.0,0.24324324324324326
1054,10075,2013-10-06 03:00:00,56,213.0,0.20817843866171004
1055,10075,2013-10-06 04:00:00,57,160.0,0.2626728110599078
1056,10111,2013-10-05 08:00:00,1,,
1057,10111,2013-10-05 09:00:00,2,,
1058,10111,2013-10-05 10:00:00,0,,
1059,10111,2013-10-05 11:00:00,4,1.0,0.8
1060,10111,2013-10-05 12:00:00,4,12.0,0.25
1061,10111,2013-10-05 13:00:00,2,10.0,0.16666666666666666
1062,10111,2013-10-05 14:00:00,10,9.0,0.5263157894736842
1063,10111,2013-10-05 15:00:00,5,6.0,0.45454545454545453
1064,10111,2013-10-05 16:00:00,5,5.0,0.5
1065,10111,2013-10-05 17:00:00,4,7.0,0.36363636363636365
1066,10111,2013-10-05 18:00:00,1,6.0,0.14285714285714285
1067,10111,2013-10-05 19:00:00,3,7.0,0.3
1068,10111,2013-10-05 20:00:00,4,3.0,0.5714285714285714
1069,10111,2013-10-05 21:00:00,2,2.0,0.5
1070,10111,2013-10-05 22:00:00,6,9.0,0.4
1071,10111,2013-10-05 23:00:00,2,6.0,0.25
1072,10111,2013-10-06 00:00:00,1,4.0,0.2
1073,10111,2013-10-06 01:00:00,2,1.0,0.6666666666666666
1074,10111,2013-10-06 02:00:00,1,2.0,0.3333333333333333
1075,10111,2013-10-06 03:00:00,1,1.0,0.5
1076,10111,2013-10-06 04:00:00,1,,
1077,10115,2013-10-05 09:00:00,1,,
1078,10115,2013-10-05 10:00:00,1,,
1079,10115,2013-10-05 11:00:00,1,,
1080,10115,2013-10-05 12:00:00,1,4.0,0.2
1081,10115,2013-10-05 13:00:00,0,3.0,0.0
1082,10115,2013-10-05 14:00:00,0,5.0,0.0
1083,10115,2013-10-05 15:00:00,0,4.0,0.0
1084,10115,2013-10-05 16:00:00,1,5.0,0.16666666666666666
1085,10115,2013-10-05 17:00:00,1,2.0,0.3333333333333333
1086,10115,2013-10-05 18:00:00,2,2.0,0.5
1087,10115,2013-10-05 19:00:00,1,2.0,0.3333333333333333
1088,10115,2013-10-05 20:00:00,2,2.0,0.5
1089,10115,2013-10-05 21:00:00,7,0.0,1.0
1090,10115,2013-10-05 22:00:00,2,2.0,0.5
1091,10115,2013-10-05 23:00:00,3,1.0,0.75
1092,10115,2013-10-06 00:00:00,3,1.0,0.75
1093,10115,2013-10-06 01:00:00,2,,
1094,10115,2013-10-06 02:00:00,0,,
1095,10115,2013-10-06 03:00:00,2,,
1096,10115,2013-10-06 04:00:00,2,,
1097,10128,2013-10-05 05:00:00,86,28.0,0.7543859649122807
1098,10128,2013-10-05 06:00:00,67,3.0,0.9571428571428572
1099,10128,2013-10-05 07:00:00,42,1.0,0.9767441860465116
1100,10128,2013-10-05 08:00:00,24,1.0,0.96
1101,10128,2013-10-05 09:00:00,24,1.0,0.96
1102,10128,2013-10-05 10:00:00,46,2.0,0.9583333333333334
1103,10128,2013-10-05 11:00:00,88,40.0,0.6875
1104,10128,2013-10-05 12:00:00,116,127.0,0.4773662551440329
1105,10128,2013-10-05 13:00:00,130,193.0,0.4024767801857585
1106,10128,2013-10-05 14:00:00,130,224.0,0.3672316384180791
1107,10128,2013-10-05 15:00:00,158,168.0,0.48466257668711654
1108,10128,2013-10-05 16:00:00,163,155.0,0.5125786163522013
1109,10128,2013-10-05 17:00:00,171,167.0,0.5059171597633136
1110,10128,2013-10-05 18:00:00,165,166.0,0.4984894259818731
1111,10128,2013-10-05 19:00:00,176,159.0,0.5253731343283582
1112,10128,2013-10-05 20:00:00,178,148.0,0.5460122699386503
1113,10128,2013-10-05 21:00:00,146,87.0,0.6266094420600858
1114,10128,2013-10-05 22:00:00,156,135.0,0.5360824742268041
1115,10128,2013-10-05 23:00:00,130,247.0,0.3448275862068966
1116,10128,2013-10-06 00:00:00,136,256.0,0.3469387755102041
1117,10128,2013-10-06 01:00:00,112,202.0,0.35668789808917195
1118,10128,2013-10-06 02:00:00,115,211.0,0.35276073619631904
1119,10128,2013-10-06 03:00:00,130,149.0,0.4659498207885305
1120,10128,2013-10-06 04:00:00,137,113.0,0.548
1121,10280,2013-10-05 05:00:00,26,11.0,0.7027027027027027
1122,10280,2013-10-05 06:00:00,19,4.0,0.8260869565217391
1123,10280,2013-10-05 07:00:00,15,1.0,0.9375
1124,10280,2013-10-05 08:00:00,7,0.0,1.0
1125,10280,2013-10-05 09:00:00,5,1.0,0.8333333333333334
1126,10280,2013-10-05 10:00:00,18,2.0,0.9
1127,10280,2013-10-05 11:00:00,20,10.0,0.6666666666666666
1128,10280,2013-10-05 12:00:00,27,39.0,0.4090909090909091
1129,10280,2013-10-05 13:00:00,31,82.0,0.2743362831858407
1130,10280,2013-10-05 14:00:00,51,95.0,0.3493150684931507
1131,10280,2013-10-05 15:00:00,42,75.0,0.358974358974359
1132,10280,2013-10-05 16:00:00,50,63.0,0.4424778761061947
1133,10280,2013-10-05 17:00:00,49,71.0,0.4083333333333333
1134,10280,2013-10-05 18:00:00,57,73.0,0.43846153846153846
1135,10280,2013-10-05 19:00:00,39,70.0,0.3577981651376147
1136,10280,2013-10-05 20:00:00,53,47.0,0.53
1137,10280,2013-10-05 21:00:00,49,37.0,0.5697674418604651
1138,10280,2013-10-05 22:00:00,39,71.0,0.35454545454545455
1139,10280,2013-10-05 23:00:00,41,106.0,0.2789115646258503
1140,10280,2013-10-06 00:00:00,34,93.0,0.2677165354330709
1141,10280,2013-10-06 01:00:00,44,97.0,0.3120567375886525
1142,10280,2013-10-06 02:00:00,29,86.0,0.25217391304347825
1143,10280,2013-10-06 03:00:00,16,81.0,0.16494845360824742
1144,10280,2013-10-06 04:00:00,24,60.0,0.2857142857142857
1145,10281,2013-10-05 05:00:00,6,,
1146,10281,2013-10-05 06:00:00,5,,
1147,10281,2013-10-05 07:00:00,4,,
1148,10281,2013-10-05 08:00:00,3,,
1149,10281,2013-10-05 09:00:00,2,,
1150,10281,2013-10-05 10:00:00,2,,
1151,10281,2013-10-05 11:00:00,2,3.0,0.4
1152,10281,2013-10-05 12:00:00,2,8.0,0.2
1153,10281,2013-10-05 13:00:00,2,5.0,0.2857142857142857
1154,10281,2013-10-05 14:00:00,2,7.0,0.2222222222222222
1155,10281,2013-10-05 15:00:00,2,6.0,0.25
1156,10281,2013-10-05 16:00:00,4,2.0,0.6666666666666666
1157,10281,2013-10-05 17:00:00,5,5.0,0.5
1158,10281,2013-10-05 18:00:00,5,5.0,0.5
1159,10281,2013-10-05 19:00:00,11,11.0,0.5
1160,10281,2013-10-05 20:00:00,8,6.0,0.5714285714285714
1161,10281,2013-10-05 21:00:00,11,4.0,0.7333333333333333
1162,10281,2013-10-05 22:00:00,7,6.0,0.5384615384615384
1163,10281,2013-10-05 23:00:00,11,1.0,0.9166666666666666
1164,10281,2013-10-06 00:00:00,9,10.0,0.47368421052631576
1165,10281,2013-10-06 01:00:00,10,2.0,0.8333333333333334
1166,10281,2013-10-06 02:00:00,14,4.0,0.7777777777777778
1167,10281,2013-10-06 03:00:00,17,1.0,0.9444444444444444
1168,10281,2013-10-06 04:00:00,15,5.0,0.75
1169,10282,2013-10-05 05:00:00,2,1.0,0.6666666666666666
1170,10282,2013-10-05 06:00:00,2,0.0,1.0
1171,10282,2013-10-05 07:00:00,2,0.0,1.0
1172,10282,2013-10-05 08:00:00,1,0.0,1.0
1173,10282,2013-10-05 09:00:00,2,0.0,1.0
1174,10282,2013-10-05 10:00:00,1,0.0,1.0
1175,10282,2013-10-05 11:00:00,2,2.0,0.5
1176,10282,2013-10-05 12:00:00,3,7.0,0.3
1177,10282,2013-10-05 13:00:00,0,8.0,0.0
1178,10282,2013-10-05 14:00:00,5,4.0,0.5555555555555556
1179,10282,2013-10-05 15:00:00,4,4.0,0.5
1180,10282,2013-10-05 16:00:00,5,4.0,0.5555555555555556
1181,10282,2013-10-05 17:00:00,2,3.0,0.4
1182,10282,2013-10-05 18:00:00,8,3.0,0.7272727272727273
1183,10282,2013-10-05 19:00:00,1,4.0,0.2
1184,10282,2013-10-05 20:00:00,5,3.0,0.625
1185,10282,2013-10-05 21:00:00,1,2.0,0.3333333333333333
1186,10282,2013-10-05 22:00:00,2,5.0,0.2857142857142857
1187,10282,2013-10-05 23:00:00,5,5.0,0.5
1188,10282,2013-10-06 00:00:00,4,10.0,0.2857142857142857
1189,10282,2013-10-06 01:00:00,2,5.0,0.2857142857142857
1190,10282,2013-10-06 02:00:00,1,7.0,0.125
1191,10282,2013-10-06 03:00:00,2,4.0,0.3333333333333333
1192,10282,2013-10-06 04:00:00,2,2.0,0.5
